file_id,audio_exists,sample_rate,channels,frames,audio_duration_s
S1_C1_E130_V0579,True,44100,1,132240,2.998639455782313
S1_C1_E130_V0581,True,44100,1,132240,2.998639455782313
S1_C1_E130_V0585,True,44100,1,132240,2.998639455782313
S1_C2_E131_V0289,True,44100,1,132240,2.998639455782313
S1_C2_E131_V0296,True,44100,1,264480,5.997278911564626
S1_C2_E131_V0297,True,44100,1,88160,1.999092970521542
S1_C1_E132_V0630,True,44100,1,88160,1.999092970521542
S1_C1_E133_V0636,True,44100,1,88160,1.999092970521542
S1_C2_E134_V0303,True,44100,1,198360,4.497959183673469
S1_C2_E134_V0304,True,44100,1,132240,2.998639455782313
S1_C2_E134_V0305,True,44100,1,88160,1.999092970521542
S1_C1_E135_V0661,True,44100,1,5313844,120.49532879818594
S1_C1_E136_V0666,True,44100,1,88160,1.999092970521542
S1_C2_E136_V0306,True,44100,1,903640,20.490702947845804
S1_C2_E136_V0313,True,44100,1,198360,4.497959183673469
S1_C1_E137_V0676,True,44100,1,88160,1.999092970521542
S1_C2_E137_V0316,True,44100,1,793440,17.991836734693877
S1_C2_E137_V0317,True,44100,1,352640,7.996371882086168
S1_C2_E153_V0383,True,44100,1,264480,5.997278911564626
S1_C2_E154_V0385,True,44100,1,264480,5.997278911564626
S1_C3_E154_V0066,True,44100,1,903640,20.490702947845804
S1_C2_E155_V0388,True,44100,1,176320,3.998185941043084
S1_C1_E162_V0780,True,44100,1,5313844,120.49532879818594
S1_C2_E163_V0392,True,44100,1,771400,17.49206349206349
S2_C3_E268_V0025,True,44100,1,903640,20.490702947845804
S2_C3_E270_V0027,True,44100,1,903640,20.490702947845804
S2_C3_E270_V0029,True,44100,1,903640,20.490702947845804
S2_C3_E270_V0031,True,44100,1,903640,20.490702947845804
S2_C3_E288_V0054,True,44100,1,903640,20.490702947845804
S2_C2_E290_V0042,True,44100,1,903640,20.490702947845804
S2_C3_E290_V0057,True,44100,1,903640,20.490702947845804
S2_C3_E290_V0058,True,44100,1,903640,20.490702947845804
S2_C1_E291_V0043,True,44100,1,903640,20.490702947845804
S2_C2_E291_V0043,True,44100,1,903640,20.490702947845804
S2_C3_E291_V0059,True,44100,1,903640,20.490702947845804
S2_C2_E292_V0045,True,44100,1,903640,20.490702947845804
S2_C3_E292_V0061,True,44100,1,903640,20.490702947845804
S2_C2_E293_V0046,True,44100,1,903640,20.490702947845804
S2_C3_E293_V0062,True,44100,1,903640,20.490702947845804
S2_C2_E297_V0048,True,44100,1,5313844,120.49532879818594
S2_C1_E300_V0048,True,44100,1,903640,20.490702947845804
S2_C3_E300_V0067,True,44100,1,903640,20.490702947845804
S2_C3_E300_V0068,True,44100,1,903640,20.490702947845804
S2_C1_E301_V0049,True,44100,1,5313844,120.49532879818594
S2_C2_E301_V0052,True,44100,1,5313844,120.49532879818594
S2_C3_E301_V0069,True,44100,1,5313844,120.49532879818594
S2_C1_E304_V0050,True,44100,1,5313844,120.49532879818594
S2_C2_E304_V0055,True,44100,1,5313844,120.49532879818594
S2_C3_E304_V0070,True,44100,1,5313844,120.49532879818594
S2_C1_E305_V0051,True,44100,1,5313844,120.49532879818594
S2_C2_E305_V0056,True,44100,1,5313844,120.49532879818594
S2_C3_E305_V0071,True,44100,1,5313844,120.49532879818594
S2_C1_E306_V0053,True,44100,1,903640,20.490702947845804
S2_C3_E306_V0072,True,44100,1,903640,20.490702947845804
S2_C3_E306_V0074,True,44100,1,903640,20.490702947845804
S2_C3_E319_V0089,True,44100,1,903640,20.490702947845804
S1_C1_E32_V0068,True,44100,1,5313844,120.49532879818594
S2_C1_E321_V0067,True,44100,1,5313844,120.49532879818594
S2_C1_E322_V0068,True,44100,1,5313844,120.49532879818594
S2_C1_E322_V0069,True,44100,1,5313844,120.49532879818594
S2_C3_E333_V0098,True,44100,1,5313844,120.49532879818594
S2_C1_E384_V0110,True,44100,1,903640,20.490702947845804
S2_C2_E384_V0127,True,44100,1,903640,20.490702947845804
S2_C3_E384_V0125,True,44100,1,903640,20.490702947845804
S2_C3_E385_V0126,True,44100,1,903640,20.490702947845804
S3_C2_E460_V0063,True,44100,1,903640,20.490702947845804
S3_C3_E460_V0175,True,44100,1,903640,20.490702947845804
S3_C3_E460_V0176,True,44100,1,903640,20.490702947845804
S3_C3_E461_V0178,True,44100,1,903640,20.490702947845804
S3_C2_E501_V0082,True,44100,1,903640,20.490702947845804
S3_C3_E501_V0277,True,44100,1,903640,20.490702947845804
S3_C3_E501_V0280,True,44100,1,683240,15.49297052154195
S3_C3_E503_V0282,True,44100,1,2667942,60.49755102040816
S3_C3_E503_V0285,True,44100,1,2667942,60.49755102040816
S3_C3_E503_V0287,True,44100,1,2667942,60.49755102040816
S3_C3_E504_V0288,True,44100,1,2667942,60.49755102040816
S3_C3_E505_V0289,True,44100,1,2667942,60.49755102040816
S3_C3_E505_V0290,True,44100,1,2667942,60.49755102040816
S3_C3_E506_V0291,True,44100,1,2667942,60.49755102040816
S3_C3_E507_V0292,True,44100,1,2667942,60.49755102040816
S3_C3_E508_V0293,True,44100,1,2667942,60.49755102040816
S3_C2_E509_V0084,True,44100,1,2667942,60.49755102040816
S3_C2_E515_V0086,True,44100,1,2667942,60.49755102040816
S3_C3_E515_V0313,True,44100,1,2667942,60.49755102040816
S3_C3_E515_V0316,True,44100,1,2667942,60.49755102040816
S3_C3_E523_V0324,True,44100,1,2667942,60.49755102040816
S3_C2_E524_V0087,True,44100,1,903640,20.490702947845804
S3_C3_E524_V0327,True,44100,1,903640,20.490702947845804
S3_C3_E524_V0329,True,44100,1,462840,10.495238095238095
S3_C2_E525_V0091,True,44100,1,903640,20.490702947845804
S3_C3_E525_V0335,True,44100,1,88160,1.999092970521542
S3_C3_E525_V0344,True,44100,1,132240,2.998639455782313
S3_C3_E526_V0345,True,44100,1,2667942,60.49755102040816
S3_C3_E529_V0348,True,44100,1,2667942,60.49755102040816
S3_C3_E529_V0350,True,44100,1,2667942,60.49755102040816
S3_C3_E532_V0355,True,44100,1,2667942,60.49755102040816
S3_C3_E532_V0358,True,44100,1,2667942,60.49755102040816
S3_C3_E532_V0359,True,44100,1,2667942,60.49755102040816
S3_C3_E534_V0362,True,44100,1,2667942,60.49755102040816
S3_C3_E534_V0364,True,44100,1,2667942,60.49755102040816
S3_C3_E535_V0365,True,44100,1,2667942,60.49755102040816
S3_C3_E535_V0367,True,44100,1,2667942,60.49755102040816
S3_C2_E536_V0092,True,44100,1,2667942,60.49755102040816
S3_C3_E536_V0368,True,44100,1,2667942,60.49755102040816
S3_C3_E540_V0373,True,44100,1,2667942,60.49755102040816
S3_C3_E540_V0374,True,44100,1,2667942,60.49755102040816
S3_C3_E541_V0375,True,44100,1,2667942,60.49755102040816
S3_C3_E541_V0376,True,44100,1,2667942,60.49755102040816
S3_C3_E545_V0423,True,44100,1,88160,1.999092970521542
S3_C3_E545_V0431,True,44100,1,88160,1.999092970521542
S3_C3_E545_V0437,True,44100,1,132240,2.998639455782313
S3_C2_E546_V0099,True,44100,1,903640,20.490702947845804
S3_C3_E548_V0443,True,44100,1,2667942,60.49755102040816
S3_C3_E549_V0444,True,44100,1,2667942,60.49755102040816
S3_C3_E549_V0445,True,44100,1,2667942,60.49755102040816
S3_C3_E552_V0449,True,44100,1,2667942,60.49755102040816
S3_C3_E552_V0450,True,44100,1,2667942,60.49755102040816
S3_C2_E554_V0100,True,44100,1,2667942,60.49755102040816
S3_C3_E560_V0458,True,44100,1,220400,4.9977324263038545
S3_C3_E598_V0553,True,44100,1,2667942,60.49755102040816
S3_C3_E598_V0554,True,44100,1,2667942,60.49755102040816
S3_C3_E598_V0555,True,44100,1,2667942,60.49755102040816
S1_C1_E60_V0143,True,44100,1,903640,20.490702947845804
S1_C1_E60_V0144,True,44100,1,903640,20.490702947845804
S3_C3_E604_V0564,True,44100,1,2667942,60.49755102040816
S3_C2_E607_V0118,True,44100,1,2667942,60.49755102040816
S3_C3_E607_V0568,True,44100,1,2667942,60.49755102040816
S3_C3_E607_V0570,True,44100,1,2667942,60.49755102040816
S3_C2_E608_V0121,True,44100,1,2667942,60.49755102040816
S3_C3_E608_V0571,True,44100,1,2667942,60.49755102040816
S3_C3_E608_V0575,True,44100,1,2667942,60.49755102040816
S1_C3_E61_V0029,True,44100,1,903640,20.490702947845804
S3_C2_E614_V0123,True,44100,1,903640,20.490702947845804
S3_C2_E615_V0124,True,44100,1,903640,20.490702947845804
S3_C2_E615_V0125,True,44100,1,903640,20.490702947845804
S1_C1_E66_V0152,True,44100,1,5313844,120.49532879818594
S1_C2_E66_V0092,True,44100,1,5313844,120.49532879818594
S1_C3_E67_V0030,True,44100,1,903640,20.490702947845804
S1_C3_E67_V0031,True,44100,1,903640,20.490702947845804
S1_C3_E67_V0032,True,44100,1,903640,20.490702947845804
S1_C1_E68_V0175,True,44100,1,374680,8.496145124716554
S1_C1_E68_V0178,True,44100,1,418760,9.495691609977325
S1_C1_E68_V0180,True,44100,1,617120,13.993650793650794
S3_C2_E685_V0172,True,44100,1,903640,20.490702947845804
S3_C2_E685_V0173,True,44100,1,903640,20.490702947845804
S3_C2_E685_V0174,True,44100,1,903640,20.490702947845804
S3_C2_E686_V0176,True,44100,1,903640,20.490702947845804
S3_C2_E686_V0177,True,44100,1,903640,20.490702947845804
S3_C2_E699_V0186,True,44100,1,2667942,60.49755102040816
S3_C2_E699_V0187,True,44100,1,2667942,60.49755102040816
S3_C2_E701_V0189,True,44100,1,903640,20.490702947845804
S3_C2_E702_V0190,True,44100,1,903640,20.490702947845804
S1_C1_E75_V0185,True,44100,1,5313844,120.49532879818594
S1_C1_E78_V0188,True,44100,1,5313844,120.49532879818594
S3_C2_E789_V0513,True,44100,1,374680,8.496145124716554
S3_C2_E790_V0514,True,44100,1,352640,7.996371882086168
S3_C2_E791_V0515,True,44100,1,286520,6.4970521541950115
S3_C2_E791_V0516,True,44100,1,220400,4.9977324263038545
S3_C2_E791_V0517,True,44100,1,220400,4.9977324263038545
S3_C2_E792_V0521,True,44100,1,2667942,60.49755102040816
S3_C2_E792_V0528,True,44100,1,2667942,60.49755102040816
S3_C2_E792_V0532,True,44100,1,2667942,60.49755102040816
S1_C1_E84_V0194,True,44100,1,903640,20.490702947845804
S1_C2_E84_V0093,True,44100,1,903640,20.490702947845804
S1_C3_E84_V0038,True,44100,1,903640,20.490702947845804
S1_C1_E10_V0031,True,44100,1,5313844,120.49532879818594
S1_C1_E103_V0256,True,44100,1,176320,3.998185941043084
S1_C1_E103_V0259,True,44100,1,220400,4.9977324263038545
S1_C1_E103_V0261,True,44100,1,176320,3.998185941043084
S1_C1_E104_V0274,True,44100,1,110200,2.4988662131519273
S1_C1_E104_V0281,True,44100,1,176320,3.998185941043084
S1_C1_E104_V0282,True,44100,1,176320,3.998185941043084
S1_C1_E105_V0287,True,44100,1,374680,8.496145124716554
S1_C1_E105_V0293,True,44100,1,132240,2.998639455782313
S1_C2_E105_V0148,True,44100,1,903640,20.490702947845804
S1_C1_E106_V0311,True,44100,1,264480,5.997278911564626
S1_C1_E106_V0315,True,44100,1,88160,1.999092970521542
S1_C2_E106_V0151,True,44100,1,903640,20.490702947845804
S1_C1_E107_V0329,True,44100,1,198360,4.497959183673469
S1_C1_E107_V0332,True,44100,1,132240,2.998639455782313
S1_C1_E107_V0333,True,44100,1,110200,2.4988662131519273
S1_C2_E108_V0160,True,44100,1,903640,20.490702947845804
S1_C1_E109_V0339,True,44100,1,198360,4.497959183673469
S1_C2_E109_V0161,True,44100,1,903640,20.490702947845804
S1_C2_E109_V0162,True,44100,1,903640,20.490702947845804
S1_C1_E115_V0350,True,44100,1,110200,2.4988662131519273
S1_C1_E115_V0351,True,44100,1,198360,4.497959183673469
S1_C2_E115_V0165,True,44100,1,903640,20.490702947845804
S1_C1_E116_V0357,True,44100,1,859560,19.491156462585035
S1_C1_E116_V0358,True,44100,1,661200,14.993197278911564
S1_C1_E117_V0362,True,44100,1,242440,5.497505668934241
S1_C1_E117_V0365,True,44100,1,198360,4.497959183673469
S1_C1_E117_V0367,True,44100,1,110200,2.4988662131519273
S1_C1_E118_V0375,True,44100,1,220400,4.9977324263038545
S1_C1_E118_V0376,True,44100,1,88160,1.999092970521542
S1_C1_E118_V0388,True,44100,1,88160,1.999092970521542
S1_C1_E121_V0412,True,44100,1,88160,1.999092970521542
S1_C1_E121_V0413,True,44100,1,110200,2.4988662131519273
S1_C2_E121_V0193,True,44100,1,903640,20.490702947845804
S1_C1_E122_V0460,True,44100,1,88160,1.999092970521542
S1_C1_E122_V0487,True,44100,1,88160,1.999092970521542
S1_C2_E122_V0241,True,44100,1,88160,1.999092970521542
S1_C2_E123_V0266,True,44100,1,639160,14.49342403628118
S1_C2_E123_V0271,True,44100,1,88160,1.999092970521542
S1_C2_E123_V0272,True,44100,1,396720,8.995918367346938
S1_C2_E125_V0277,True,44100,1,176320,3.998185941043084
S1_C2_E125_V0280,True,44100,1,110200,2.4988662131519273
S1_C2_E125_V0281,True,44100,1,132240,2.998639455782313
S1_C1_E126_V0576,True,44100,1,5313844,120.49532879818594
S1_C1_E139_V0706,True,44100,1,5313844,120.49532879818594
S1_C3_E140_V0057,True,44100,1,5313844,120.49532879818594
S1_C3_E140_V0058,True,44100,1,5313844,120.49532879818594
S1_C1_E142_V0707,True,44100,1,176320,3.998185941043084
S1_C1_E142_V0708,True,44100,1,88160,1.999092970521542
S1_C1_E143_V0716,True,44100,1,88160,1.999092970521542
S1_C2_E143_V0324,True,44100,1,286520,6.4970521541950115
S1_C2_E143_V0325,True,44100,1,220400,4.9977324263038545
S1_C2_E144_V0328,True,44100,1,903640,20.490702947845804
S1_C3_E144_V0060,True,44100,1,903640,20.490702947845804
S1_C2_E145_V0331,True,44100,1,418760,9.495691609977325
S1_C2_E145_V0336,True,44100,1,88160,1.999092970521542
S1_C3_E145_V0061,True,44100,1,903640,20.490702947845804
S1_C1_E146_V0738,True,44100,1,5313844,120.49532879818594
S1_C1_E146_V0739,True,44100,1,5313844,120.49532879818594
S1_C2_E146_V0346,True,44100,1,5313844,120.49532879818594
S1_C1_E15_V0036,True,44100,1,5313844,120.49532879818594
S1_C2_E15_V0026,True,44100,1,5313844,120.49532879818594
S1_C2_E150_V0350,True,44100,1,110200,2.4988662131519273
S1_C2_E150_V0362,True,44100,1,88160,1.999092970521542
S1_C2_E150_V0364,True,44100,1,198360,4.497959183673469
S1_C2_E151_V0376,True,44100,1,88160,1.999092970521542
S1_C2_E151_V0377,True,44100,1,110200,2.4988662131519273
S1_C2_E151_V0379,True,44100,1,88160,1.999092970521542
S1_C1_E16_V0037,True,44100,1,903640,20.490702947845804
S1_C1_E16_V0038,True,44100,1,903640,20.490702947845804
S1_C2_E16_V0027,True,44100,1,903640,20.490702947845804
S1_C1_E166_V0781,True,44100,1,5313844,120.49532879818594
S1_C1_E168_V0783,True,44100,1,5313844,120.49532879818594
S1_C1_E169_V0784,True,44100,1,88160,1.999092970521542
S1_C1_E169_V0785,True,44100,1,88160,1.999092970521542
S1_C3_E169_V0075,True,44100,1,5313844,120.49532879818594
S1_C1_E17_V0044,True,44100,1,903640,20.490702947845804
S1_C1_E17_V0045,True,44100,1,903640,20.490702947845804
S1_C1_E17_V0046,True,44100,1,903640,20.490702947845804
S1_C1_E170_V0790,True,44100,1,88160,1.999092970521542
S1_C1_E170_V0795,True,44100,1,88160,1.999092970521542
S1_C2_E170_V0395,True,44100,1,418760,9.495691609977325
S1_C1_E171_V0800,True,44100,1,88160,1.999092970521542
S1_C2_E171_V0400,True,44100,1,617120,13.993650793650794
S1_C2_E173_V0401,True,44100,1,462840,10.495238095238095
S1_C2_E174_V0402,True,44100,1,374680,8.496145124716554
S1_C2_E175_V0403,True,44100,1,264480,5.997278911564626
S1_C2_E175_V0404,True,44100,1,132240,2.998639455782313
S1_C2_E176_V0407,True,44100,1,374680,8.496145124716554
S1_C1_E177_V0821,True,44100,1,5313844,120.49532879818594
S1_C1_E177_V0823,True,44100,1,5313844,120.49532879818594
S1_C2_E177_V0408,True,44100,1,5313844,120.49532879818594
S1_C1_E178_V0824,True,44100,1,5313844,120.49532879818594
S1_C2_E179_V0409,True,44100,1,506920,11.494784580498866
S1_C1_E18_V0047,True,44100,1,903640,20.490702947845804
S1_C2_E18_V0033,True,44100,1,903640,20.490702947845804
S1_C2_E180_V0410,True,44100,1,308560,6.996825396825397
S1_C2_E181_V0411,True,44100,1,264480,5.997278911564626
S1_C2_E181_V0414,True,44100,1,87058,1.9741043083900227
S1_C2_E181_V0416,True,44100,1,88160,1.999092970521542
S1_C2_E182_V0418,True,44100,1,242440,5.497505668934241
S1_C2_E188_V0423,True,44100,1,220400,4.9977324263038545
S1_C1_E189_V0825,True,44100,1,5313844,120.49532879818594
S1_C1_E189_V0826,True,44100,1,5313844,120.49532879818594
S1_C2_E189_V0424,True,44100,1,5313844,120.49532879818594
S1_C1_E190_V0827,True,44100,1,5313844,120.49532879818594
S1_C2_E190_V0426,True,44100,1,5313844,120.49532879818594
S1_C3_E190_V0079,True,44100,1,5313844,120.49532879818594
S1_C2_E191_V0427,True,44100,1,374680,8.496145124716554
S1_C2_E191_V0429,True,44100,1,132240,2.998639455782313
S1_C3_E191_V0080,True,44100,1,903640,20.490702947845804
S1_C1_E193_V0832,True,44100,1,5313844,120.49532879818594
S1_C1_E194_V0834,True,44100,1,5313844,120.49532879818594
S1_C1_E194_V0835,True,44100,1,5313844,120.49532879818594
S1_C2_E194_V0438,True,44100,1,5313844,120.49532879818594
S1_C2_E196_V0443,True,44100,1,286520,6.4970521541950115
S1_C2_E196_V0444,True,44100,1,88160,1.999092970521542
S1_C2_E196_V0448,True,44100,1,176320,3.998185941043084
S1_C2_E197_V0455,True,44100,1,88160,1.999092970521542
S1_C2_E197_V0456,True,44100,1,176320,3.998185941043084
S1_C2_E197_V0458,True,44100,1,132240,2.998639455782313
S1_C2_E198_V0469,True,44100,1,176320,3.998185941043084
S1_C2_E198_V0470,True,44100,1,88160,1.999092970521542
S1_C3_E198_V0082,True,44100,1,903640,20.490702947845804
S1_C3_E200_V0084,True,44100,1,903640,20.490702947845804
S1_C2_E202_V0517,True,44100,1,5313844,120.49532879818594
S1_C1_E204_V0840,True,44100,1,5313844,120.49532879818594
S1_C1_E204_V0841,True,44100,1,5313844,120.49532879818594
S1_C1_E205_V0842,True,44100,1,5313844,120.49532879818594
S1_C1_E205_V0843,True,44100,1,5313844,120.49532879818594
S1_C1_E208_V0847,True,44100,1,5313844,120.49532879818594
S1_C1_E208_V0848,True,44100,1,5313844,120.49532879818594
S1_C1_E21_V0051,True,44100,1,5313844,120.49532879818594
S1_C2_E21_V0035,True,44100,1,5313844,120.49532879818594
S1_C1_E210_V0851,True,44100,1,5313844,120.49532879818594
S1_C1_E210_V0852,True,44100,1,5313844,120.49532879818594
S1_C1_E210_V0853,True,44100,1,5313844,120.49532879818594
S1_C1_E216_V0857,True,44100,1,5313844,120.49532879818594
S1_C1_E217_V0858,True,44100,1,5313844,120.49532879818594
S1_C1_E218_V0859,True,44100,1,5313844,120.49532879818594
S1_C2_E219_V0519,True,44100,1,352640,7.996371882086168
S1_C2_E219_V0520,True,44100,1,88160,1.999092970521542
S1_C3_E219_V0088,True,44100,1,903640,20.490702947845804
S1_C1_E221_V0861,True,44100,1,5313844,120.49532879818594
S1_C1_E222_V0862,True,44100,1,5313844,120.49532879818594
S1_C3_E224_V0089,True,44100,1,903640,20.490702947845804
S1_C1_E227_V0864,True,44100,1,5313844,120.49532879818594
S1_C1_E228_V0865,True,44100,1,5313844,120.49532879818594
S1_C3_E228_V0090,True,44100,1,5313844,120.49532879818594
S1_C1_E230_V0867,True,44100,1,5313844,120.49532879818594
S1_C2_E237_V0529,True,44100,1,264480,5.997278911564626
S1_C3_E237_V0092,True,44100,1,903640,20.490702947845804
S1_C1_E24_V0056,True,44100,1,5313844,120.49532879818594
S1_C1_E24_V0057,True,44100,1,5313844,120.49532879818594
S1_C1_E242_V0873,True,44100,1,5313844,120.49532879818594
S1_C1_E242_V0874,True,44100,1,5313844,120.49532879818594
S1_C2_E243_V0542,True,44100,1,110200,2.4988662131519273
S1_C2_E243_V0543,True,44100,1,88160,1.999092970521542
S1_C3_E243_V0093,True,44100,1,903640,20.490702947845804
S1_C2_E244_V0553,True,44100,1,88160,1.999092970521542
S1_C2_E244_V0554,True,44100,1,88160,1.999092970521542
S1_C1_E248_V0877,True,44100,1,5313844,120.49532879818594
S1_C2_E25_V0036,True,44100,1,5313844,120.49532879818594
S1_C2_E252_V0573,True,44100,1,88160,1.999092970521542
S2_C1_E260_V0018,True,44100,1,903640,20.490702947845804
S2_C1_E260_V0021,True,44100,1,903640,20.490702947845804
S2_C2_E260_V0020,True,44100,1,903640,20.490702947845804
S2_C1_E263_V0023,True,44100,1,5313844,120.49532879818594
S2_C2_E263_V0023,True,44100,1,5313844,120.49532879818594
S2_C3_E263_V0018,True,44100,1,5313844,120.49532879818594
S2_C3_E264_V0019,True,44100,1,5313844,120.49532879818594
S2_C1_E265_V0025,True,44100,1,903640,20.490702947845804
S2_C1_E265_V0027,True,44100,1,903640,20.490702947845804
S2_C2_E265_V0025,True,44100,1,903640,20.490702947845804
S2_C3_E266_V0023,True,44100,1,903640,20.490702947845804
S1_C1_E27_V0060,True,44100,1,903640,20.490702947845804
S1_C1_E27_V0061,True,44100,1,903640,20.490702947845804
S1_C2_E27_V0037,True,44100,1,903640,20.490702947845804
S2_C1_E274_V0033,True,44100,1,5313844,120.49532879818594
S2_C1_E276_V0035,True,44100,1,903640,20.490702947845804
S2_C3_E277_V0038,True,44100,1,903640,20.490702947845804
S1_C2_E28_V0039,True,44100,1,903640,20.490702947845804
S2_C1_E281_V0038,True,44100,1,5313844,120.49532879818594
S2_C2_E281_V0038,True,44100,1,5313844,120.49532879818594
S2_C3_E281_V0047,True,44100,1,5313844,120.49532879818594
S2_C1_E284_V0040,True,44100,1,903640,20.490702947845804
S2_C2_E284_V0040,True,44100,1,903640,20.490702947845804
S2_C3_E284_V0050,True,44100,1,903640,20.490702947845804
S2_C1_E285_V0041,True,44100,1,5313844,120.49532879818594
S2_C3_E285_V0051,True,44100,1,5313844,120.49532879818594
S1_C1_E29_V0064,True,44100,1,5313844,120.49532879818594
S1_C2_E29_V0040,True,44100,1,5313844,120.49532879818594
S1_C1_E30_V0066,True,44100,1,903640,20.490702947845804
S1_C2_E30_V0041,True,44100,1,903640,20.490702947845804
S2_C1_E307_V0054,True,44100,1,903640,20.490702947845804
S2_C1_E307_V0055,True,44100,1,903640,20.490702947845804
S2_C3_E307_V0076,True,44100,1,903640,20.490702947845804
S2_C3_E308_V0080,True,44100,1,903640,20.490702947845804
S2_C3_E308_V0081,True,44100,1,903640,20.490702947845804
S2_C3_E308_V0083,True,44100,1,903640,20.490702947845804
S2_C3_E311_V0084,True,44100,1,903640,20.490702947845804
S2_C2_E312_V0064,True,44100,1,5313844,120.49532879818594
S2_C3_E312_V0085,True,44100,1,5313844,120.49532879818594
S2_C2_E313_V0065,True,44100,1,5313844,120.49532879818594
S2_C3_E313_V0086,True,44100,1,5313844,120.49532879818594
S2_C1_E323_V0074,True,44100,1,903640,20.490702947845804
S2_C2_E323_V0071,True,44100,1,903640,20.490702947845804
S2_C3_E323_V0090,True,44100,1,903640,20.490702947845804
S2_C3_E324_V0092,True,44100,1,903640,20.490702947845804
S2_C3_E327_V0095,True,44100,1,903640,20.490702947845804
S1_C1_E33_V0069,True,44100,1,5313844,120.49532879818594
S1_C2_E33_V0042,True,44100,1,5313844,120.49532879818594
S1_C2_E33_V0043,True,44100,1,5313844,120.49532879818594
S2_C3_E330_V0096,True,44100,1,5313844,120.49532879818594
S2_C1_E332_V0076,True,44100,1,5313844,120.49532879818594
S2_C2_E332_V0079,True,44100,1,5313844,120.49532879818594
S2_C3_E332_V0097,True,44100,1,5313844,120.49532879818594
S2_C1_E334_V0077,True,44100,1,903640,20.490702947845804
S2_C2_E334_V0080,True,44100,1,903640,20.490702947845804
S2_C3_E334_V0099,True,44100,1,903640,20.490702947845804
S2_C2_E336_V0081,True,44100,1,5313844,120.49532879818594
S2_C1_E339_V0079,True,44100,1,903640,20.490702947845804
S2_C1_E339_V0080,True,44100,1,903640,20.490702947845804
S2_C2_E339_V0083,True,44100,1,903640,20.490702947845804
S1_C1_E34_V0071,True,44100,1,5313844,120.49532879818594
S1_C2_E34_V0044,True,44100,1,5313844,120.49532879818594
S2_C3_E340_V0104,True,44100,1,903640,20.490702947845804
S2_C1_E341_V0082,True,44100,1,903640,20.490702947845804
S2_C2_E341_V0086,True,44100,1,903640,20.490702947845804
S2_C3_E341_V0105,True,44100,1,903640,20.490702947845804
S2_C1_E343_V0083,True,44100,1,903640,20.490702947845804
S2_C2_E343_V0087,True,44100,1,903640,20.490702947845804
S2_C3_E343_V0107,True,44100,1,903640,20.490702947845804
S2_C2_E344_V0089,True,44100,1,903640,20.490702947845804
S2_C3_E344_V0108,True,44100,1,903640,20.490702947845804
S2_C3_E344_V0109,True,44100,1,903640,20.490702947845804
S2_C1_E347_V0084,True,44100,1,903640,20.490702947845804
S2_C2_E347_V0092,True,44100,1,903640,20.490702947845804
S2_C3_E347_V0110,True,44100,1,903640,20.490702947845804
S2_C1_E349_V0085,True,44100,1,903640,20.490702947845804
S2_C2_E349_V0094,True,44100,1,903640,20.490702947845804
S2_C3_E349_V0111,True,44100,1,903640,20.490702947845804
S2_C1_E350_V0086,True,44100,1,903640,20.490702947845804
S2_C2_E350_V0095,True,44100,1,903640,20.490702947845804
S2_C3_E350_V0112,True,44100,1,903640,20.490702947845804
S2_C2_E351_V0097,True,44100,1,903640,20.490702947845804
S2_C2_E351_V0098,True,44100,1,903640,20.490702947845804
S2_C2_E351_V0099,True,44100,1,903640,20.490702947845804
S2_C1_E353_V0087,True,44100,1,903640,20.490702947845804
S2_C1_E353_V0088,True,44100,1,903640,20.490702947845804
S2_C1_E353_V0090,True,44100,1,903640,20.490702947845804
S2_C1_E357_V0091,True,44100,1,903640,20.490702947845804
S2_C1_E357_V0092,True,44100,1,903640,20.490702947845804
S2_C1_E357_V0093,True,44100,1,903640,20.490702947845804
S2_C1_E358_V0094,True,44100,1,903640,20.490702947845804
S2_C2_E358_V0105,True,44100,1,903640,20.490702947845804
S2_C1_E359_V0095,True,44100,1,903640,20.490702947845804
S2_C2_E359_V0106,True,44100,1,903640,20.490702947845804
S1_C1_E36_V0073,True,44100,1,5313844,120.49532879818594
S1_C3_E36_V0018,True,44100,1,5313844,120.49532879818594
S2_C1_E360_V0096,True,44100,1,903640,20.490702947845804
S2_C1_E361_V0097,True,44100,1,903640,20.490702947845804
S2_C3_E362_V0114,True,44100,1,903640,20.490702947845804
S2_C1_E363_V0098,True,44100,1,903640,20.490702947845804
S2_C2_E363_V0107,True,44100,1,903640,20.490702947845804
S2_C2_E365_V0109,True,44100,1,5313844,120.49532879818594
S2_C3_E365_V0116,True,44100,1,5313844,120.49532879818594
S2_C1_E366_V0101,True,44100,1,903640,20.490702947845804
S2_C3_E366_V0117,True,44100,1,903640,20.490702947845804
S2_C1_E367_V0102,True,44100,1,903640,20.490702947845804
S2_C2_E367_V0112,True,44100,1,903640,20.490702947845804
S2_C3_E367_V0118,True,44100,1,903640,20.490702947845804
S2_C1_E368_V0103,True,44100,1,903640,20.490702947845804
S2_C2_E368_V0113,True,44100,1,903640,20.490702947845804
S2_C1_E369_V0104,True,44100,1,903640,20.490702947845804
S2_C2_E369_V0114,True,44100,1,903640,20.490702947845804
S1_C1_E37_V0075,True,44100,1,5313844,120.49532879818594
S1_C2_E37_V0047,True,44100,1,5313844,120.49532879818594
S1_C3_E37_V0019,True,44100,1,5313844,120.49532879818594
S2_C2_E370_V0115,True,44100,1,903640,20.490702947845804
S2_C1_E371_V0105,True,44100,1,903640,20.490702947845804
S2_C2_E371_V0116,True,44100,1,903640,20.490702947845804
S2_C3_E371_V0119,True,44100,1,903640,20.490702947845804
S2_C3_E374_V0121,True,44100,1,903640,20.490702947845804
S2_C3_E374_V0122,True,44100,1,903640,20.490702947845804
S2_C1_E375_V0106,True,44100,1,903640,20.490702947845804
S2_C3_E375_V0123,True,44100,1,903640,20.490702947845804
S2_C1_E376_V0107,True,44100,1,903640,20.490702947845804
S2_C2_E376_V0119,True,44100,1,903640,20.490702947845804
S2_C3_E376_V0124,True,44100,1,903640,20.490702947845804
S2_C1_E377_V0108,True,44100,1,903640,20.490702947845804
S2_C2_E377_V0120,True,44100,1,903640,20.490702947845804
S2_C1_E378_V0109,True,44100,1,5313844,120.49532879818594
S2_C2_E378_V0121,True,44100,1,5313844,120.49532879818594
S1_C1_E38_V0084,True,44100,1,903640,20.490702947845804
S1_C1_E38_V0085,True,44100,1,903640,20.490702947845804
S1_C2_E38_V0059,True,44100,1,903640,20.490702947845804
S2_C1_E387_V0112,True,44100,1,903640,20.490702947845804
S2_C2_E387_V0129,True,44100,1,903640,20.490702947845804
S2_C1_E388_V0113,True,44100,1,903640,20.490702947845804
S2_C2_E388_V0130,True,44100,1,903640,20.490702947845804
S2_C3_E388_V0127,True,44100,1,903640,20.490702947845804
S2_C2_E389_V0131,True,44100,1,903640,20.490702947845804
S1_C2_E39_V0061,True,44100,1,903640,20.490702947845804
S2_C1_E390_V0114,True,44100,1,903640,20.490702947845804
S2_C2_E390_V0132,True,44100,1,903640,20.490702947845804
S2_C1_E393_V0116,True,44100,1,5313844,120.49532879818594
S2_C2_E393_V0134,True,44100,1,5313844,120.49532879818594
S2_C1_E394_V0117,True,44100,1,903640,20.490702947845804
S2_C3_E394_V0130,True,44100,1,903640,20.490702947845804
S1_C1_E4_V0016,True,44100,1,903640,20.490702947845804
S1_C1_E4_V0017,True,44100,1,903640,20.490702947845804
S1_C1_E4_V0020,True,44100,1,903640,20.490702947845804
S1_C1_E40_V0101,True,44100,1,903640,20.490702947845804
S1_C2_E40_V0064,True,44100,1,903640,20.490702947845804
S1_C2_E40_V0067,True,44100,1,903640,20.490702947845804
S3_C2_E407_V0022,True,44100,1,903640,20.490702947845804
S3_C3_E407_V0058,True,44100,1,903640,20.490702947845804
S3_C3_E407_V0059,True,44100,1,903640,20.490702947845804
S3_C2_E413_V0024,True,44100,1,5313844,120.49532879818594
S3_C2_E418_V0030,True,44100,1,903640,20.490702947845804
S3_C3_E418_V0069,True,44100,1,903640,20.490702947845804
S3_C3_E418_V0074,True,44100,1,903640,20.490702947845804
S3_C2_E419_V0035,True,44100,1,903640,20.490702947845804
S3_C3_E419_V0082,True,44100,1,903640,20.490702947845804
S3_C3_E419_V0083,True,44100,1,903640,20.490702947845804
S1_C1_E42_V0108,True,44100,1,5313844,120.49532879818594
S1_C2_E42_V0072,True,44100,1,5313844,120.49532879818594
S3_C1_E429_V0338,True,44100,1,2667942,60.49755102040816
S3_C1_E429_V0340,True,44100,1,2667942,60.49755102040816
S3_C1_E429_V0344,True,44100,1,2667942,60.49755102040816
S3_C2_E437_V0049,True,44100,1,903640,20.490702947845804
S3_C3_E437_V0095,True,44100,1,903640,20.490702947845804
S3_C3_E437_V0097,True,44100,1,903640,20.490702947845804
S3_C3_E453_V0159,True,44100,1,903640,20.490702947845804
S3_C3_E453_V0161,True,44100,1,903640,20.490702947845804
S3_C2_E454_V0059,True,44100,1,903640,20.490702947845804
S3_C2_E454_V0060,True,44100,1,903640,20.490702947845804
S3_C3_E454_V0163,True,44100,1,903640,20.490702947845804
S3_C3_E455_V0168,True,44100,1,903640,20.490702947845804
S3_C3_E455_V0169,True,44100,1,903640,20.490702947845804
S3_C3_E455_V0170,True,44100,1,903640,20.490702947845804
S3_C1_E462_V0546,True,44100,1,264480,5.997278911564626
S3_C3_E462_V0179,True,44100,1,903640,20.490702947845804
S3_C3_E462_V0181,True,44100,1,903640,20.490702947845804
S3_C2_E465_V0069,True,44100,1,903640,20.490702947845804
S3_C2_E466_V0070,True,44100,1,2667942,60.49755102040816
S3_C3_E476_V0223,True,44100,1,286520,6.4970521541950115
S3_C3_E476_V0226,True,44100,1,176320,3.998185941043084
S3_C3_E476_V0230,True,44100,1,220400,4.9977324263038545
S3_C3_E477_V0235,True,44100,1,2667942,60.49755102040816
S3_C3_E478_V0236,True,44100,1,2667942,60.49755102040816
S3_C3_E478_V0237,True,44100,1,2667942,60.49755102040816
S3_C3_E484_V0251,True,44100,1,2667942,60.49755102040816
S3_C3_E486_V0253,True,44100,1,2667942,60.49755102040816
S3_C3_E486_V0254,True,44100,1,2667942,60.49755102040816
S3_C3_E486_V0255,True,44100,1,2667942,60.49755102040816
S1_C1_E49_V0112,True,44100,1,5313844,120.49532879818594
S1_C2_E49_V0075,True,44100,1,5313844,120.49532879818594
S3_C2_E491_V0077,True,44100,1,2667942,60.49755102040816
S3_C3_E491_V0261,True,44100,1,2667942,60.49755102040816
S3_C2_E493_V0078,True,44100,1,2667942,60.49755102040816
S3_C3_E495_V0266,True,44100,1,2667942,60.49755102040816
S3_C3_E495_V0268,True,44100,1,2667942,60.49755102040816
S3_C3_E495_V0269,True,44100,1,2667942,60.49755102040816
S3_C3_E496_V0270,True,44100,1,2667942,60.49755102040816
S3_C3_E496_V0271,True,44100,1,2667942,60.49755102040816
S1_C1_E50_V0113,True,44100,1,903640,20.490702947845804
S1_C1_E50_V0114,True,44100,1,903640,20.490702947845804
S1_C2_E50_V0076,True,44100,1,903640,20.490702947845804
S3_C2_E500_V0081,True,44100,1,2667942,60.49755102040816
S1_C1_E51_V0116,True,44100,1,903640,20.490702947845804
S1_C2_E53_V0079,True,44100,1,5313844,120.49532879818594
S1_C2_E55_V0080,True,44100,1,903640,20.490702947845804
S3_C2_E561_V0101,True,44100,1,903640,20.490702947845804
S3_C2_E561_V0102,True,44100,1,903640,20.490702947845804
S3_C3_E561_V0459,True,44100,1,110200,2.4988662131519273
S3_C3_E566_V0472,True,44100,1,2667942,60.49755102040816
S3_C3_E567_V0473,True,44100,1,2667942,60.49755102040816
S3_C3_E568_V0474,True,44100,1,2667942,60.49755102040816
S3_C2_E569_V0103,True,44100,1,2667942,60.49755102040816
S3_C3_E569_V0475,True,44100,1,2667942,60.49755102040816
S1_C1_E57_V0141,True,44100,1,5313844,120.49532879818594
S3_C3_E571_V0493,True,44100,1,2667942,60.49755102040816
S3_C3_E571_V0494,True,44100,1,2667942,60.49755102040816
S3_C3_E571_V0495,True,44100,1,2667942,60.49755102040816
S3_C3_E576_V0505,True,44100,1,2667942,60.49755102040816
S3_C2_E581_V0106,True,44100,1,903640,20.490702947845804
S3_C3_E581_V0510,True,44100,1,87058,1.9741043083900227
S3_C3_E581_V0521,True,44100,1,88160,1.999092970521542
S3_C2_E582_V0112,True,44100,1,903640,20.490702947845804
S3_C2_E582_V0113,True,44100,1,903640,20.490702947845804
S3_C3_E582_V0524,True,44100,1,176320,3.998185941043084
S3_C3_E585_V0533,True,44100,1,2667942,60.49755102040816
S3_C3_E585_V0534,True,44100,1,2667942,60.49755102040816
S3_C3_E586_V0535,True,44100,1,2667942,60.49755102040816
S3_C3_E586_V0536,True,44100,1,2667942,60.49755102040816
S3_C3_E587_V0537,True,44100,1,2667942,60.49755102040816
S3_C3_E589_V0540,True,44100,1,2667942,60.49755102040816
S3_C3_E589_V0544,True,44100,1,2667942,60.49755102040816
S3_C2_E593_V0114,True,44100,1,2667942,60.49755102040816
S3_C2_E597_V0116,True,44100,1,903640,20.490702947845804
S3_C2_E597_V0117,True,44100,1,903640,20.490702947845804
S3_C2_E616_V0126,True,44100,1,903640,20.490702947845804
S3_C2_E616_V0128,True,44100,1,903640,20.490702947845804
S3_C2_E616_V0130,True,44100,1,903640,20.490702947845804
S3_C2_E617_V0131,True,44100,1,903640,20.490702947845804
S3_C2_E617_V0132,True,44100,1,903640,20.490702947845804
S3_C2_E617_V0133,True,44100,1,903640,20.490702947845804
S3_C2_E619_V0135,True,44100,1,903640,20.490702947845804
S3_C2_E629_V0136,True,44100,1,2667942,60.49755102040816
S3_C3_E629_V0604,True,44100,1,2667942,60.49755102040816
S3_C3_E631_V0606,True,44100,1,2667942,60.49755102040816
S3_C3_E631_V0608,True,44100,1,2667942,60.49755102040816
S3_C3_E634_V0611,True,44100,1,2667942,60.49755102040816
S3_C2_E638_V0137,True,44100,1,903640,20.490702947845804
S3_C2_E638_V0138,True,44100,1,903640,20.490702947845804
S3_C2_E638_V0139,True,44100,1,903640,20.490702947845804
S3_C2_E639_V0140,True,44100,1,903640,20.490702947845804
S3_C2_E639_V0141,True,44100,1,903640,20.490702947845804
S3_C2_E640_V0142,True,44100,1,903640,20.490702947845804
S3_C2_E641_V0143,True,44100,1,903640,20.490702947845804
S3_C2_E642_V0144,True,44100,1,2667942,60.49755102040816
S3_C2_E642_V0145,True,44100,1,2667942,60.49755102040816
S3_C3_E642_V0618,True,44100,1,2667942,60.49755102040816
S3_C3_E644_V0625,True,44100,1,2667942,60.49755102040816
S3_C2_E654_V0147,True,44100,1,2667942,60.49755102040816
S3_C2_E657_V0148,True,44100,1,903640,20.490702947845804
S3_C2_E657_V0149,True,44100,1,903640,20.490702947845804
S3_C2_E658_V0150,True,44100,1,903640,20.490702947845804
S3_C2_E659_V0151,True,44100,1,903640,20.490702947845804
S3_C3_E663_V0644,True,44100,1,2667942,60.49755102040816
S3_C3_E663_V0645,True,44100,1,2667942,60.49755102040816
S3_C2_E670_V0155,True,44100,1,903640,20.490702947845804
S3_C2_E670_V0156,True,44100,1,903640,20.490702947845804
S3_C2_E670_V0164,True,44100,1,903640,20.490702947845804
S3_C2_E671_V0165,True,44100,1,903640,20.490702947845804
S3_C2_E671_V0166,True,44100,1,903640,20.490702947845804
S3_C2_E671_V0167,True,44100,1,903640,20.490702947845804
S3_C2_E672_V0168,True,44100,1,903640,20.490702947845804
S3_C2_E673_V0169,True,44100,1,903640,20.490702947845804
S3_C2_E684_V0170,True,44100,1,903640,20.490702947845804
S3_C2_E684_V0171,True,44100,1,903640,20.490702947845804
S3_C2_E692_V0181,True,44100,1,2667942,60.49755102040816
S3_C3_E692_V0699,True,44100,1,2667942,60.49755102040816
S3_C3_E692_V0701,True,44100,1,2667942,60.49755102040816
S3_C2_E693_V0182,True,44100,1,2667942,60.49755102040816
S3_C2_E693_V0183,True,44100,1,2667942,60.49755102040816
S3_C3_E693_V0702,True,44100,1,2667942,60.49755102040816
S3_C2_E698_V0185,True,44100,1,903640,20.490702947845804
S3_C2_E703_V0191,True,44100,1,2667942,60.49755102040816
S3_C2_E704_V0192,True,44100,1,903640,20.490702947845804
S3_C2_E704_V0193,True,44100,1,903640,20.490702947845804
S3_C2_E704_V0194,True,44100,1,903640,20.490702947845804
S3_C2_E705_V0195,True,44100,1,903640,20.490702947845804
S3_C2_E706_V0206,True,44100,1,903640,20.490702947845804
S3_C2_E706_V0224,True,44100,1,903640,20.490702947845804
S3_C2_E706_V0229,True,44100,1,903640,20.490702947845804
S3_C2_E707_V0234,True,44100,1,903640,20.490702947845804
S3_C2_E707_V0235,True,44100,1,903640,20.490702947845804
S3_C2_E707_V0236,True,44100,1,903640,20.490702947845804
S3_C2_E708_V0239,True,44100,1,903640,20.490702947845804
S3_C2_E708_V0240,True,44100,1,903640,20.490702947845804
S3_C2_E709_V0241,True,44100,1,903640,20.490702947845804
S3_C2_E709_V0243,True,44100,1,903640,20.490702947845804
S3_C2_E709_V0244,True,44100,1,903640,20.490702947845804
S3_C2_E710_V0245,True,44100,1,2667942,60.49755102040816
S3_C2_E710_V0246,True,44100,1,2667942,60.49755102040816
S3_C2_E711_V0247,True,44100,1,903640,20.490702947845804
S3_C2_E712_V0248,True,44100,1,2667942,60.49755102040816
S3_C2_E712_V0249,True,44100,1,2667942,60.49755102040816
S3_C2_E714_V0251,True,44100,1,903640,20.490702947845804
S3_C2_E715_V0252,True,44100,1,903640,20.490702947845804
S3_C2_E715_V0253,True,44100,1,903640,20.490702947845804
S3_C2_E716_V0255,True,44100,1,903640,20.490702947845804
S3_C2_E716_V0258,True,44100,1,903640,20.490702947845804
S3_C2_E716_V0259,True,44100,1,903640,20.490702947845804
S3_C2_E717_V0260,True,44100,1,903640,20.490702947845804
S3_C2_E717_V0261,True,44100,1,903640,20.490702947845804
S3_C2_E718_V0263,True,44100,1,903640,20.490702947845804
S3_C2_E718_V0267,True,44100,1,903640,20.490702947845804
S3_C2_E718_V0268,True,44100,1,903640,20.490702947845804
S3_C2_E719_V0269,True,44100,1,903640,20.490702947845804
S3_C2_E719_V0273,True,44100,1,110200,2.4988662131519273
S3_C2_E719_V0275,True,44100,1,528960,11.994557823129252
S3_C2_E720_V0277,True,44100,1,903640,20.490702947845804
S3_C2_E720_V0278,True,44100,1,903640,20.490702947845804
S3_C2_E721_V0279,True,44100,1,903640,20.490702947845804
S3_C2_E722_V0280,True,44100,1,2667942,60.49755102040816
S3_C2_E723_V0282,True,44100,1,87058,1.9741043083900227
S3_C2_E723_V0284,True,44100,1,176320,3.998185941043084
S3_C2_E723_V0293,True,44100,1,88160,1.999092970521542
S3_C2_E724_V0303,True,44100,1,418760,9.495691609977325
S3_C2_E724_V0305,True,44100,1,220400,4.9977324263038545
S3_C2_E724_V0306,True,44100,1,286520,6.4970521541950115
S3_C2_E725_V0308,True,44100,1,88160,1.999092970521542
S3_C2_E725_V0309,True,44100,1,88160,1.999092970521542
S3_C2_E725_V0310,True,44100,1,132240,2.998639455782313
S3_C2_E726_V0311,True,44100,1,176320,3.998185941043084
S3_C2_E727_V0315,True,44100,1,176320,3.998185941043084
S3_C2_E727_V0316,True,44100,1,132240,2.998639455782313
S3_C2_E729_V0318,True,44100,1,2667942,60.49755102040816
S3_C2_E729_V0319,True,44100,1,2667942,60.49755102040816
S3_C2_E729_V0320,True,44100,1,2667942,60.49755102040816
S3_C2_E730_V0321,True,44100,1,2667942,60.49755102040816
S3_C2_E730_V0322,True,44100,1,2667942,60.49755102040816
S3_C2_E730_V0323,True,44100,1,2667942,60.49755102040816
S3_C2_E731_V0324,True,44100,1,2667942,60.49755102040816
S3_C2_E731_V0325,True,44100,1,2667942,60.49755102040816
S3_C2_E731_V0326,True,44100,1,2667942,60.49755102040816
S3_C2_E732_V0331,True,44100,1,88160,1.999092970521542
S3_C2_E732_V0334,True,44100,1,132240,2.998639455782313
S3_C2_E732_V0335,True,44100,1,132240,2.998639455782313
S3_C2_E733_V0342,True,44100,1,132240,2.998639455782313
S3_C2_E734_V0343,True,44100,1,2667942,60.49755102040816
S3_C2_E735_V0346,True,44100,1,2667942,60.49755102040816
S3_C2_E735_V0347,True,44100,1,2667942,60.49755102040816
S3_C2_E735_V0348,True,44100,1,2667942,60.49755102040816
S3_C2_E736_V0350,True,44100,1,2667942,60.49755102040816
S3_C2_E736_V0351,True,44100,1,242440,5.497505668934241
S3_C2_E736_V0353,True,44100,1,220400,4.9977324263038545
S3_C2_E737_V0355,True,44100,1,198360,4.497959183673469
S3_C2_E738_V0356,True,44100,1,2667942,60.49755102040816
S3_C2_E739_V0357,True,44100,1,2667942,60.49755102040816
S3_C2_E741_V0359,True,44100,1,2667942,60.49755102040816
S3_C2_E742_V0360,True,44100,1,903640,20.490702947845804
S3_C2_E742_V0361,True,44100,1,903640,20.490702947845804
S3_C2_E743_V0362,True,44100,1,815480,18.491609977324263
S3_C2_E744_V0363,True,44100,1,88160,1.999092970521542
S3_C2_E745_V0371,True,44100,1,88160,1.999092970521542
S3_C2_E746_V0374,True,44100,1,88160,1.999092970521542
S3_C2_E750_V0381,True,44100,1,2667942,60.49755102040816
S3_C2_E751_V0382,True,44100,1,903640,20.490702947845804
S3_C2_E751_V0384,True,44100,1,705280,15.992743764172335
S3_C2_E751_V0386,True,44100,1,198360,4.497959183673469
S3_C2_E752_V0387,True,44100,1,528960,11.994557823129252
S3_C2_E753_V0388,True,44100,1,352640,7.996371882086168
S3_C2_E753_V0389,True,44100,1,88160,1.999092970521542
S3_C2_E754_V0390,True,44100,1,308560,6.996825396825397
S3_C2_E756_V0392,True,44100,1,176320,3.998185941043084
S3_C2_E757_V0393,True,44100,1,110200,2.4988662131519273
S3_C2_E757_V0394,True,44100,1,110200,2.4988662131519273
S3_C2_E758_V0399,True,44100,1,87058,1.9741043083900227
S3_C2_E760_V0409,True,44100,1,2667942,60.49755102040816
S3_C2_E760_V0410,True,44100,1,2667942,60.49755102040816
S3_C2_E760_V0411,True,44100,1,2667942,60.49755102040816
S3_C2_E762_V0412,True,44100,1,2667942,60.49755102040816
S3_C2_E762_V0413,True,44100,1,2667942,60.49755102040816
S3_C2_E763_V0414,True,44100,1,2667942,60.49755102040816
S3_C2_E763_V0415,True,44100,1,749360,16.992290249433108
S3_C2_E763_V0416,True,44100,1,440800,9.995464852607709
S3_C2_E764_V0420,True,44100,1,110200,2.4988662131519273
S3_C2_E764_V0422,True,44100,1,88160,1.999092970521542
S3_C2_E764_V0424,True,44100,1,88160,1.999092970521542
S3_C2_E765_V0426,True,44100,1,2667942,60.49755102040816
S3_C2_E765_V0427,True,44100,1,2667942,60.49755102040816
S3_C2_E765_V0428,True,44100,1,2667942,60.49755102040816
S3_C2_E766_V0429,True,44100,1,2667942,60.49755102040816
S3_C2_E766_V0430,True,44100,1,2667942,60.49755102040816
S3_C2_E766_V0431,True,44100,1,2667942,60.49755102040816
S3_C2_E768_V0433,True,44100,1,2667942,60.49755102040816
S3_C2_E769_V0435,True,44100,1,2667942,60.49755102040816
S3_C2_E769_V0440,True,44100,1,2667942,60.49755102040816
S3_C2_E769_V0441,True,44100,1,2667942,60.49755102040816
S3_C2_E773_V0455,True,44100,1,88160,1.999092970521542
S3_C2_E774_V0456,True,44100,1,88160,1.999092970521542
S3_C2_E777_V0463,True,44100,1,484880,10.995011337868482
S3_C2_E778_V0464,True,44100,1,2667942,60.49755102040816
S3_C2_E778_V0465,True,44100,1,2667942,60.49755102040816
S3_C2_E779_V0466,True,44100,1,2667942,60.49755102040816
S3_C2_E780_V0467,True,44100,1,2667942,60.49755102040816
S3_C2_E780_V0468,True,44100,1,2667942,60.49755102040816
S3_C2_E780_V0470,True,44100,1,2667942,60.49755102040816
S3_C2_E781_V0473,True,44100,1,2667942,60.49755102040816
S3_C2_E782_V0474,True,44100,1,198360,4.497959183673469
S3_C2_E782_V0481,True,44100,1,132240,2.998639455782313
S3_C2_E782_V0482,True,44100,1,132240,2.998639455782313
S3_C2_E783_V0483,True,44100,1,88160,1.999092970521542
S3_C2_E785_V0497,True,44100,1,661200,14.993197278911564
S3_C2_E785_V0498,True,44100,1,374680,8.496145124716554
S3_C2_E786_V0499,True,44100,1,396720,8.995918367346938
S3_C2_E786_V0502,True,44100,1,132240,2.998639455782313
S3_C2_E786_V0504,True,44100,1,242440,5.497505668934241
S3_C2_E787_V0506,True,44100,1,2667942,60.49755102040816
S3_C2_E799_V0535,True,44100,1,2667942,60.49755102040816
S1_C1_E8_V0024,True,44100,1,903640,20.490702947845804
S1_C1_E8_V0028,True,44100,1,903640,20.490702947845804
S1_C2_E8_V0025,True,44100,1,903640,20.490702947845804
S3_C2_E800_V0536,True,44100,1,2667942,60.49755102040816
S3_C2_E801_V0537,True,44100,1,2667942,60.49755102040816
S3_C2_E802_V0538,True,44100,1,2667942,60.49755102040816
S3_C2_E803_V0541,True,44100,1,264480,5.997278911564626
S3_C2_E803_V0543,True,44100,1,132240,2.998639455782313
S3_C2_E803_V0545,True,44100,1,110200,2.4988662131519273
S3_C2_E804_V0550,True,44100,1,220400,4.9977324263038545
S3_C2_E804_V0551,True,44100,1,176320,3.998185941043084
S3_C2_E806_V0553,True,44100,1,661200,14.993197278911564
S3_C2_E806_V0554,True,44100,1,242440,5.497505668934241
S3_C2_E807_V0556,True,44100,1,220400,4.9977324263038545
S3_C2_E809_V0558,True,44100,1,2667942,60.49755102040816
S1_C1_E85_V0195,True,44100,1,903640,20.490702947845804
S1_C1_E86_V0202,True,44100,1,551000,12.494331065759637
S1_C1_E86_V0205,True,44100,1,903640,20.490702947845804
S1_C1_E9_V0030,True,44100,1,903640,20.490702947845804
S1_C1_E91_V0207,True,44100,1,5313844,120.49532879818594
S1_C1_E94_V0215,True,44100,1,573040,12.994104308390023
S1_C2_E94_V0102,True,44100,1,903640,20.490702947845804
S1_C2_E94_V0104,True,44100,1,903640,20.490702947845804
S1_C1_E98_V0228,True,44100,1,396720,8.995918367346938
S1_C1_E98_V0231,True,44100,1,88160,1.999092970521542
S1_C1_E98_V0240,True,44100,1,903640,20.490702947845804
S1_C1_E99_V0241,True,44100,1,903640,20.490702947845804
S1_C1_E99_V0249,True,44100,1,110200,2.4988662131519273
S1_C1_E99_V0250,True,44100,1,286520,6.4970521541950115
