E10 E10/E10_dtci_r11.npy foraging,unknown,vigilance roe_deer overcast 3+
E103 E103/E103_dtci_r11.npy foraging,unknown,vigilance red_deer clear 1
E104 E104/E104_dtci_r11.npy courtship,foraging,grooming,vigilance red_deer clear 1
E105 E105/E105_dtci_r11.npy courtship,foraging,marking,unknown,vigilance red_deer clear 1
E106 E106/E106_dtci_r11.npy foraging,unknown,vigilance red_deer clear 1
E107 E107/E107_dtci_r11.npy foraging red_deer overcast 1
E108 E108/E108_dtci_r11.npy foraging red_deer overcast 1
E109 E109/E109_dtci_r11.npy foraging,unknown red_deer overcast 1
E115 E115/E115_dtci_r11.npy foraging,unknown,vigilance red_deer clear 1
E116 E116/E116_dtci_r11.npy foraging red_deer clear 2
E117 E117/E117_dtci_r11.npy foraging,unknown red_deer clear 1
E118 E118/E118_dtci_r11.npy foraging,marking,unknown,vigilance red_deer clear 1
E121 E121/E121_dtci_r11.npy foraging,unknown,vigilance red_deer clear 1
E122 E122/E122_dtci_r11.npy courtship,foraging,unknown,vigilance red_deer clear 1
E123 E123/E123_dtci_r11.npy foraging,marking,unknown,vigilance red_deer clear 1
E125 E125/E125_dtci_r11.npy foraging,unknown red_deer overcast 1
E126 E126/E126_dtci_r11.npy foraging,vigilance red_deer overcast 1
E139 E139/E139_dtci_r11.npy foraging red_deer overcast 1
E140 E140/E140_dtci_r11.npy none none sunny 0
E142 E142/E142_dtci_r11.npy foraging red_deer clear 1
E143 E143/E143_dtci_r11.npy foraging,vigilance red_deer clear 1
E144 E144/E144_dtci_r11.npy camera_reaction,vigilance red_deer clear 1
E145 E145/E145_dtci_r11.npy camera_reaction,foraging,unknown red_deer clear 1
E146 E146/E146_dtci_r11.npy foraging,grooming,unknown,vigilance red_deer overcast 1
E15 E15/E15_dtci_r11.npy camera_reaction,foraging,unknown,vigilance roe_deer overcast 1
E150 E150/E150_dtci_r11.npy foraging,unknown,vigilance red_deer clear 2
E151 E151/E151_dtci_r11.npy foraging,vigilance red_deer clear 1
E16 E16/E16_dtci_r11.npy camera_reaction,foraging,unknown,vigilance red_deer clear 1
E166 E166/E166_dtci_r11.npy none none sunny 0
E168 E168/E168_dtci_r11.npy none none sunny 0
E169 E169/E169_dtci_r11.npy foraging,unknown,vigilance roe_deer clear 1
E17 E17/E17_dtci_r11.npy camera_reaction,foraging,unknown,vigilance red_deer rainy 1
E170 E170/E170_dtci_r11.npy foraging,grooming,vigilance red_deer clear 1
E171 E171/E171_dtci_r11.npy foraging,unknown red_deer clear 1
E172 E172/E172_dtci_r11.npy foraging red_deer clear 1
E173 E173/E173_dtci_r11.npy foraging,vigilance red_deer clear 1
E174 E174/E174_dtci_r11.npy vigilance red_deer clear 1
E175 E175/E175_dtci_r11.npy vigilance red_deer clear 1
E176 E176/E176_dtci_r11.npy foraging red_deer clear 1
E177 E177/E177_dtci_r11.npy courtship,foraging,vigilance red_deer overcast 1
E178 E178/E178_dtci_r11.npy foraging red_deer overcast 1
E179 E179/E179_dtci_r11.npy unknown red_deer rainy 2
E18 E18/E18_dtci_r11.npy foraging red_deer clear 1
E180 E180/E180_dtci_r11.npy vigilance red_deer clear 1
E181 E181/E181_dtci_r11.npy chasing,foraging,vigilance red_deer clear 2
E182 E182/E182_dtci_r11.npy vigilance red_deer clear 1
E188 E188/E188_dtci_r11.npy foraging red_deer clear 1
E189 E189/E189_dtci_r11.npy foraging,grooming,unknown,vigilance red_deer overcast 1
E190 E190/E190_dtci_r11.npy foraging,unknown,vigilance red_deer overcast 1
E191 E191/E191_dtci_r11.npy courtship,foraging red_deer clear 1
E193 E193/E193_dtci_r11.npy foraging red_deer overcast 1
E194 E194/E194_dtci_r11.npy courtship,foraging,grooming,unknown,vigilance red_deer overcast 1
E196 E196/E196_dtci_r11.npy foraging,vigilance red_deer clear 1
E197 E197/E197_dtci_r11.npy courtship,foraging,vigilance red_deer clear 1
E198 E198/E198_dtci_r11.npy foraging,vigilance red_deer rainy 1
E200 E200/E200_dtci_r11.npy foraging,vigilance red_deer rainy 1
E202 E202/E202_dtci_r11.npy unknown,vigilance red_deer overcast 1
E204 E204/E204_dtci_r11.npy none none sunny 0
E205 E205/E205_dtci_r11.npy none none sunny 0
E208 E208/E208_dtci_r11.npy none none sunny 0
E21 E21/E21_dtci_r11.npy none none sunny 0
E210 E210/E210_dtci_r11.npy none none sunny 0
E216 E216/E216_dtci_r11.npy foraging red_deer overcast 1
E217 E217/E217_dtci_r11.npy unknown red_deer overcast 1
E218 E218/E218_dtci_r11.npy none none sunny 0
E219 E219/E219_dtci_r11.npy foraging,vigilance red_deer clear 1
E221 E221/E221_dtci_r11.npy none none sunny 0
E222 E222/E222_dtci_r11.npy foraging red_deer overcast 1
E224 E224/E224_dtci_r11.npy foraging red_deer clear 1
E227 E227/E227_dtci_r11.npy none none sunny 0
E228 E228/E228_dtci_r11.npy none none sunny 0
E230 E230/E230_dtci_r11.npy none none sunny 0
E231 E231/E231_dtci_r11.npy foraging red_deer clear 1
E237 E237/E237_dtci_r11.npy camera_reaction,courtship,foraging red_deer clear 1
E238 E238/E238_dtci_r11.npy vigilance red_deer clear 1
E24 E24/E24_dtci_r11.npy none none sunny 0
E242 E242/E242_dtci_r11.npy none none sunny 0
E243 E243/E243_dtci_r11.npy foraging,unknown red_deer clear 1
E244 E244/E244_dtci_r11.npy foraging red_deer clear 1
E248 E248/E248_dtci_r11.npy none none sunny 0
E25 E25/E25_dtci_r11.npy escaping,unknown,vigilance roe_deer overcast 1
E251 E251/E251_dtci_r11.npy foraging red_deer clear 1
E252 E252/E252_dtci_r11.npy foraging red_deer clear 1
E260 E260/E260_dtci_r11.npy camera_reaction,foraging,vigilance red_deer clear 1
E263 E263/E263_dtci_r11.npy foraging,grooming,unknown,vigilance red_deer sunny 1
E264 E264/E264_dtci_r11.npy unknown red_deer overcast 1
E265 E265/E265_dtci_r11.npy camera_reaction,foraging,unknown,vigilance red_deer clear 3+
E266 E266/E266_dtci_r11.npy foraging red_deer rainy 1
E27 E27/E27_dtci_r11.npy camera_reaction,foraging,unknown,vigilance red_deer rainy 1
E274 E274/E274_dtci_r11.npy camera_reaction,foraging,vigilance red_deer overcast 1
E276 E276/E276_dtci_r11.npy foraging red_deer clear 1
E277 E277/E277_dtci_r11.npy foraging,vigilance roe_deer clear 1
E28 E28/E28_dtci_r11.npy foraging,unknown,vigilance red_deer overcast 1
E281 E281/E281_dtci_r11.npy foraging,unknown,vigilance red_deer overcast 1
E284 E284/E284_dtci_r11.npy camera_reaction,foraging,unknown,vigilance red_deer clear 1
E285 E285/E285_dtci_r11.npy camera_reaction,foraging,unknown,vigilance red_deer sunny 3+
E29 E29/E29_dtci_r11.npy camera_reaction,foraging,grooming,unknown,vigilance red_deer overcast 1
E30 E30/E30_dtci_r11.npy foraging,unknown red_deer rainy 1
E307 E307/E307_dtci_r11.npy foraging,unknown,vigilance red_deer clear 2
E308 E308/E308_dtci_r11.npy foraging,unknown,vigilance red_deer clear 3+
E311 E311/E311_dtci_r11.npy foraging,grooming,unknown,vigilance red_deer rainy 1
E312 E312/E312_dtci_r11.npy unknown red_deer sunny 1
E313 E313/E313_dtci_r11.npy foraging,unknown,vigilance red_deer sunny 3+
E323 E323/E323_dtci_r11.npy camera_reaction,foraging,unknown,vigilance red_deer clear 1
E324 E324/E324_dtci_r11.npy foraging,vigilance fox clear 1
E327 E327/E327_dtci_r11.npy foraging,vigilance fox clear 1
E33 E33/E33_dtci_r11.npy foraging,unknown,vigilance red_deer overcast 2
E330 E330/E330_dtci_r11.npy unknown red_deer sunny 1
E332 E332/E332_dtci_r11.npy foraging,unknown,vigilance roe_deer overcast 1
E334 E334/E334_dtci_r11.npy foraging,unknown,vigilance red_deer clear 1
E336 E336/E336_dtci_r11.npy foraging,unknown,vigilance roe_deer overcast 1
E339 E339/E339_dtci_r11.npy chasing,foraging,unknown,vigilance red_deer clear 3+
E34 E34/E34_dtci_r11.npy foraging,unknown,vigilance red_deer overcast 2
E340 E340/E340_dtci_r11.npy foraging,unknown red_deer clear 2
E341 E341/E341_dtci_r11.npy foraging,vigilance red_deer rainy 1
E343 E343/E343_dtci_r11.npy escaping,foraging,unknown,vigilance red_deer clear 1
E344 E344/E344_dtci_r11.npy foraging,vigilance red_deer clear 1
E347 E347/E347_dtci_r11.npy foraging,vigilance red_deer clear 1
E349 E349/E349_dtci_r11.npy escaping,foraging,unknown,vigilance red_deer rainy 1
E350 E350/E350_dtci_r11.npy camera_reaction,foraging,unknown,vigilance red_deer clear 1
E351 E351/E351_dtci_r11.npy courtship,foraging,unknown,vigilance red_deer rainy 3+
E353 E353/E353_dtci_r11.npy foraging,grooming,unknown,vigilance red_deer clear 3+
E357 E357/E357_dtci_r11.npy foraging,unknown,vigilance red_deer clear 2
E358 E358/E358_dtci_r11.npy courtship,foraging,unknown red_deer clear 3+
E359 E359/E359_dtci_r11.npy foraging,vigilance red_deer clear 1
E36 E36/E36_dtci_r11.npy escaping,foraging,unknown,vigilance red_deer overcast 2
E360 E360/E360_dtci_r11.npy foraging,vigilance red_deer clear 1
E361 E361/E361_dtci_r11.npy foraging,unknown red_deer clear 2
E362 E362/E362_dtci_r11.npy foraging red_deer clear 3+
E363 E363/E363_dtci_r11.npy foraging red_deer clear 1
E365 E365/E365_dtci_r11.npy foraging,grooming,unknown,vigilance red_deer sunny 1
E366 E366/E366_dtci_r11.npy unknown,vigilance red_deer clear 1
E367 E367/E367_dtci_r11.npy foraging,unknown,vigilance red_deer clear 1
E368 E368/E368_dtci_r11.npy courtship,vigilance red_deer clear 1
E369 E369/E369_dtci_r11.npy foraging,unknown,vigilance red_deer clear 2
E37 E37/E37_dtci_r11.npy foraging,vigilance red_deer overcast 1
E370 E370/E370_dtci_r11.npy foraging red_deer clear 1
E371 E371/E371_dtci_r11.npy foraging,unknown red_deer clear 2
E374 E374/E374_dtci_r11.npy foraging,unknown,vigilance red_deer clear 3+
E375 E375/E375_dtci_r11.npy unknown,vigilance red_deer clear 1
E376 E376/E376_dtci_r11.npy foraging,unknown,vigilance red_deer clear 1
E377 E377/E377_dtci_r11.npy foraging,marking red_deer clear 1
E378 E378/E378_dtci_r11.npy chasing,courtship,escaping,unknown red_deer sunny 3+
E38 E38/E38_dtci_r11.npy camera_reaction,foraging,unknown,vigilance red_deer clear 1
E387 E387/E387_dtci_r11.npy foraging red_deer clear 1
E388 E388/E388_dtci_r11.npy foraging,vigilance red_deer clear 1
E389 E389/E389_dtci_r11.npy foraging wolf clear 1
E39 E39/E39_dtci_r11.npy foraging,unknown red_deer clear 1
E390 E390/E390_dtci_r11.npy foraging,unknown,vigilance red_deer clear 1
E393 E393/E393_dtci_r11.npy foraging,unknown,vigilance red_deer sunny 2
E394 E394/E394_dtci_r11.npy chasing,escaping red_deer,wolf clear 3+
E4 E4/E4_dtci_r11.npy foraging,unknown,vigilance red_deer clear 3+
E40 E40/E40_dtci_r11.npy foraging,unknown,vigilance red_deer rainy 2
E407 E407/E407_dtci_r11.npy camera_reaction,foraging,vigilance red_deer clear 1
E413 E413/E413_dtci_r11.npy none none overcast 0
E418 E418/E418_dtci_r11.npy foraging,vigilance red_deer clear 1
E419 E419/E419_dtci_r11.npy foraging,grooming,unknown,vigilance red_deer clear 1
E42 E42/E42_dtci_r11.npy foraging,vigilance red_deer overcast 1
E429 E429/E429_dtci_r11.npy none none sunny 0
E437 E437/E437_dtci_r11.npy foraging,vigilance red_deer clear 2
E453 E453/E453_dtci_r11.npy escaping,foraging,unknown,vigilance red_deer rainy 2
E454 E454/E454_dtci_r11.npy foraging,vigilance red_deer rainy 1
E455 E455/E455_dtci_r11.npy camera_reaction,foraging,unknown,vigilance red_deer rainy 2
E462 E462/E462_dtci_r11.npy foraging,unknown,vigilance red_deer rainy 2
E465 E465/E465_dtci_r11.npy foraging,vigilance red_deer rainy 2
E466 E466/E466_dtci_r11.npy foraging red_deer overcast 1
E476 E476/E476_dtci_r11.npy courtship,foraging,grooming,marking,resting,unknown,vigilance red_deer clear 1
E477 E477/E477_dtci_r11.npy none none sunny 0
E478 E478/E478_dtci_r11.npy none none sunny 0
E484 E484/E484_dtci_r11.npy none none sunny 0
E486 E486/E486_dtci_r11.npy none none sunny 0
E49 E49/E49_dtci_r11.npy camera_reaction,foraging,unknown,vigilance roe_deer overcast 3+
E491 E491/E491_dtci_r11.npy none none sunny 0
E493 E493/E493_dtci_r11.npy none none sunny 0
E495 E495/E495_dtci_r11.npy none none sunny 0
E496 E496/E496_dtci_r11.npy none none sunny 0
E50 E50/E50_dtci_r11.npy camera_reaction,foraging,unknown,vigilance red_deer clear 3+
E500 E500/E500_dtci_r11.npy none none sunny 0
E51 E51/E51_dtci_r11.npy foraging hare clear 1
E53 E53/E53_dtci_r11.npy foraging,unknown,vigilance red_deer overcast 1
E55 E55/E55_dtci_r11.npy foraging,vigilance red_deer clear 1
E561 E561/E561_dtci_r11.npy foraging,unknown red_deer clear 3+
E566 E566/E566_dtci_r11.npy none none sunny 0
E567 E567/E567_dtci_r11.npy none none sunny 0
E568 E568/E568_dtci_r11.npy none none sunny 0
E569 E569/E569_dtci_r11.npy none none sunny 0
E57 E57/E57_dtci_r11.npy unknown roe_deer sunny 1
E571 E571/E571_dtci_r11.npy none none sunny 0
E576 E576/E576_dtci_r11.npy none none sunny 0
E581 E581/E581_dtci_r11.npy foraging,unknown,vigilance red_deer clear 2
E582 E582/E582_dtci_r11.npy foraging,vigilance red_deer clear 3+
E585 E585/E585_dtci_r11.npy none none sunny 0
E586 E586/E586_dtci_r11.npy none none sunny 0
E587 E587/E587_dtci_r11.npy none none sunny 0
E589 E589/E589_dtci_r11.npy none none sunny 0
E593 E593/E593_dtci_r11.npy none none sunny 0
E597 E597/E597_dtci_r11.npy camera_reaction,foraging,vigilance red_deer clear 1
E616 E616/E616_dtci_r11.npy foraging,vigilance red_deer clear 1
E617 E617/E617_dtci_r11.npy foraging,vigilance red_deer clear 1
E619 E619/E619_dtci_r11.npy foraging,vigilance red_deer clear 1
E629 E629/E629_dtci_r11.npy none none sunny 0
E631 E631/E631_dtci_r11.npy none none sunny 0
E634 E634/E634_dtci_r11.npy none none sunny 0
E638 E638/E638_dtci_r11.npy foraging red_deer clear 1
E639 E639/E639_dtci_r11.npy foraging,unknown red_deer clear 1
E640 E640/E640_dtci_r11.npy foraging,marking red_deer clear 1
E641 E641/E641_dtci_r11.npy foraging red_deer clear 1
E642 E642/E642_dtci_r11.npy chasing,courtship,escaping,foraging,grooming,marking,resting,unknown,vigilance red_deer overcast 3+
E644 E644/E644_dtci_r11.npy none none sunny 0
E654 E654/E654_dtci_r11.npy none none sunny 0
E657 E657/E657_dtci_r11.npy foraging red_deer clear 1
E658 E658/E658_dtci_r11.npy foraging red_deer overcast 1
E659 E659/E659_dtci_r11.npy foraging,vigilance red_deer overcast 3+
E663 E663/E663_dtci_r11.npy none none sunny 0
E670 E670/E670_dtci_r11.npy courtship,foraging,marking,unknown,vigilance red_deer clear 1
E671 E671/E671_dtci_r11.npy foraging,vigilance red_deer clear 1
E672 E672/E672_dtci_r11.npy foraging,grooming,unknown red_deer clear 1
E673 E673/E673_dtci_r11.npy courtship,foraging red_deer overcast 1
E684 E684/E684_dtci_r11.npy foraging,vigilance red_deer clear 1
E692 E692/E692_dtci_r11.npy foraging,grooming,marking,unknown,vigilance red_deer overcast 1
E693 E693/E693_dtci_r11.npy courtship,escaping,foraging,grooming,playing,unknown,vigilance red_deer overcast 3+
E698 E698/E698_dtci_r11.npy foraging red_deer clear 1
E703 E703/E703_dtci_r11.npy none none sunny 0
E704 E704/E704_dtci_r11.npy foraging,grooming,unknown,vigilance red_deer clear 2
E705 E705/E705_dtci_r11.npy foraging red_deer clear 1
E706 E706/E706_dtci_r11.npy courtship,foraging,grooming,marking,resting,unknown,vigilance red_deer clear 1
E707 E707/E707_dtci_r11.npy foraging,marking,resting,unknown,vigilance red_deer clear 1
E708 E708/E708_dtci_r11.npy foraging,marking red_deer clear 1
E709 E709/E709_dtci_r11.npy courtship,foraging,vigilance red_deer clear 1
E710 E710/E710_dtci_r11.npy foraging,grooming,playing,unknown red_deer overcast 2
E711 E711/E711_dtci_r11.npy foraging red_deer rainy 1
E712 E712/E712_dtci_r11.npy foraging,grooming,resting,vigilance red_deer sunny 2
E714 E714/E714_dtci_r11.npy foraging,vigilance red_deer overcast 1
E715 E715/E715_dtci_r11.npy foraging,marking,vigilance red_deer clear 1
E716 E716/E716_dtci_r11.npy foraging,grooming,marking,vigilance red_deer clear 2
E717 E717/E717_dtci_r11.npy foraging red_deer rainy 1
E718 E718/E718_dtci_r11.npy foraging,marking,resting red_deer rainy 1
E719 E719/E719_dtci_r11.npy foraging,unknown red_deer rainy 2
E720 E720/E720_dtci_r11.npy foraging,vigilance red_deer rainy 1
E721 E721/E721_dtci_r11.npy foraging red_deer rainy 1
E722 E722/E722_dtci_r11.npy courtship,foraging,grooming,unknown,vigilance red_deer rainy 1
E723 E723/E723_dtci_r11.npy foraging,unknown,vigilance red_deer rainy 2
E724 E724/E724_dtci_r11.npy foraging,unknown,vigilance red_deer rainy 1
E725 E725/E725_dtci_r11.npy courtship,foraging red_deer rainy 2
E726 E726/E726_dtci_r11.npy courtship,foraging red_deer overcast 1
E727 E727/E727_dtci_r11.npy foraging red_deer overcast 1
E729 E729/E729_dtci_r11.npy courtship,foraging,grooming,marking,unknown,vigilance red_deer overcast 1
E730 E730/E730_dtci_r11.npy courtship,foraging,grooming,marking,unknown,vigilance red_deer overcast 1
E731 E731/E731_dtci_r11.npy foraging,unknown,vigilance red_deer overcast 1
E732 E732/E732_dtci_r11.npy foraging,grooming,unknown,vigilance red_deer clear 1
E733 E733/E733_dtci_r11.npy foraging red_deer clear 1
E734 E734/E734_dtci_r11.npy none none sunny 0
E735 E735/E735_dtci_r11.npy courtship,foraging,marking,unknown,vigilance red_deer sunny 1
E736 E736/E736_dtci_r11.npy foraging,marking,unknown,vigilance red_deer clear 1
E737 E737/E737_dtci_r11.npy foraging red_deer clear 1
E738 E738/E738_dtci_r11.npy foraging,unknown,vigilance red_deer sunny 1
E739 E739/E739_dtci_r11.npy unknown red_deer sunny 1
E741 E741/E741_dtci_r11.npy vigilance red_deer sunny 1
E742 E742/E742_dtci_r11.npy foraging,unknown red_deer clear 1
E743 E743/E743_dtci_r11.npy foraging red_deer clear 1
E744 E744/E744_dtci_r11.npy foraging red_deer overcast 1
E745 E745/E745_dtci_r11.npy foraging red_deer overcast 1
E746 E746/E746_dtci_r11.npy foraging red_deer overcast 2
E747 E747/E747_dtci_r11.npy foraging red_deer overcast 1
E750 E750/E750_dtci_r11.npy none none sunny 0
E751 E751/E751_dtci_r11.npy foraging,vigilance red_deer clear 1
E752 E752/E752_dtci_r11.npy vigilance red_deer clear 1
E753 E753/E753_dtci_r11.npy foraging red_deer clear 1
E754 E754/E754_dtci_r11.npy foraging red_deer clear 1
E756 E756/E756_dtci_r11.npy foraging red_deer clear 1
E757 E757/E757_dtci_r11.npy courtship,foraging red_deer clear 1
E758 E758/E758_dtci_r11.npy courtship,foraging red_deer clear 1
E759 E759/E759_dtci_r11.npy foraging red_deer overcast 1
E760 E760/E760_dtci_r11.npy courtship,foraging,grooming,marking,unknown,vigilance red_deer sunny 1
E762 E762/E762_dtci_r11.npy foraging,grooming,marking,unknown,vigilance red_deer sunny 1
E763 E763/E763_dtci_r11.npy courtship,foraging,marking,vigilance red_deer clear 1
E764 E764/E764_dtci_r11.npy foraging,grooming,marking,unknown,vigilance red_deer clear 1
E765 E765/E765_dtci_r11.npy courtship,foraging,marking,vigilance red_deer sunny 1
E766 E766/E766_dtci_r11.npy foraging,grooming,marking,unknown,vigilance red_deer sunny 1
E768 E768/E768_dtci_r11.npy foraging,marking,unknown red_deer sunny 2
E769 E769/E769_dtci_r11.npy camera_reaction,courtship,foraging,grooming,marking,unknown,vigilance red_deer overcast 1
E773 E773/E773_dtci_r11.npy vigilance red_deer clear 1
E774 E774/E774_dtci_r11.npy courtship,unknown red_deer clear 3+
E777 E777/E777_dtci_r11.npy foraging red_deer overcast 3+
E778 E778/E778_dtci_r11.npy foraging,grooming,unknown red_deer sunny 1
E779 E779/E779_dtci_r11.npy none none sunny 0
E780 E780/E780_dtci_r11.npy courtship,foraging,grooming,marking,unknown,vigilance red_deer sunny 1
E781 E781/E781_dtci_r11.npy foraging red_deer sunny 1
E782 E782/E782_dtci_r11.npy courtship,foraging,vigilance red_deer clear 1
E783 E783/E783_dtci_r11.npy foraging,grooming,resting red_deer clear 3+
E785 E785/E785_dtci_r11.npy foraging red_deer clear 1
E786 E786/E786_dtci_r11.npy courtship,escaping,foraging,grooming,vigilance red_deer clear 2
E787 E787/E787_dtci_r11.npy courtship,foraging,vigilance red_deer sunny 1
E788 E788/E788_dtci_r11.npy courtship,foraging red_deer clear 2
E799 E799/E799_dtci_r11.npy courtship,foraging,resting,vigilance red_deer sunny 1
E8 E8/E8_dtci_r11.npy camera_reaction,foraging,unknown,vigilance red_deer clear 2
E800 E800/E800_dtci_r11.npy courtship,foraging,marking,vigilance red_deer sunny 1
E801 E801/E801_dtci_r11.npy none none sunny 0
E802 E802/E802_dtci_r11.npy courtship,foraging,marking,resting,unknown red_deer sunny 1
E803 E803/E803_dtci_r11.npy foraging,grooming,marking,unknown,vigilance red_deer clear 2
E804 E804/E804_dtci_r11.npy foraging,unknown,vigilance red_deer clear 1
E806 E806/E806_dtci_r11.npy courtship,foraging,vigilance red_deer clear 1
E807 E807/E807_dtci_r11.npy foraging red_deer clear 1
E809 E809/E809_dtci_r11.npy none none sunny 0
E85 E85/E85_dtci_r11.npy foraging,vigilance red_deer clear 1
E86 E86/E86_dtci_r11.npy escaping,foraging,grooming,resting,unknown,vigilance red_deer clear 2
E9 E9/E9_dtci_r11.npy foraging,vigilance red_deer clear 1
E91 E91/E91_dtci_r11.npy unknown,vigilance red_deer sunny 1
E94 E94/E94_dtci_r11.npy foraging,unknown red_deer clear 1
E98 E98/E98_dtci_r11.npy foraging,unknown red_deer clear 1
E99 E99/E99_dtci_r11.npy foraging,grooming,unknown,vigilance red_deer overcast 2
