split,type,model,accuracy,animal_recall,background_rejection,gflops_est
validation,static,Exit 1 / block 2,0.903448275862069,0.9565217391304348,0.7,2.821031552
test,static,Exit 1 / block 2,0.8260869565217391,0.967479674796748,0.6190476190476191,2.821031552
validation,static,Exit 2 / block 4,0.9172413793103448,0.9565217391304348,0.7666666666666667,5.65721984
test,static,Exit 2 / block 4,0.927536231884058,0.975609756097561,0.8571428571428571,5.65721984
validation,static,Final / block 6,0.8413793103448276,0.9565217391304348,0.4,8.385627136
test,static,Final / block 6,0.8260869565217391,0.951219512195122,0.6428571428571429,8.385627136
validation,adaptive,aggressive,0.903448275862069,0.9565217391304348,0.7,3.0354494896551723
validation,adaptive,balanced,0.9172413793103448,0.9652173913043478,0.7333333333333333,4.166219298427586
validation,adaptive,conservative,0.8758620689655172,0.9565217391304348,0.5666666666666667,5.095703604082758
test,adaptive,aggressive,0.8792270531400966,0.983739837398374,0.7261904761904762,3.149346898241545
test,adaptive,balanced,0.932367149758454,0.983739837398374,0.8571428571428571,4.259166568502415
test,adaptive,conservative,0.8502415458937198,0.951219512195122,0.7023809523809523,5.573483791458937
validation,static,FP32 Block 4 (static),0.9172413793103448,0.9565217391304348,0.7666666666666667,5.65721984
validation,quantized,INT8 CNN Block 4 (static),0.9103448275862068,0.9565217391304348,0.7333333333333333,5.65721984
validation,pruned,Pruned Block 4 / keep 75%,0.896551724137931,0.9565217391304348,0.6666666666666666,3.374434048
validation,pruned,Pruned Block 4 / keep 50%,0.8827586206896552,0.9565217391304348,0.6,1.74104448
